{"accuracy": [0.521118700504303, 0.7226027250289917, 0.7511415481567383, 0.7990867495536804, 0.8070776462554932, 0.8401826620101929, 0.8310502171516418, 0.8373287916183472, 0.8470319509506226, 0.8652967810630798, 0.8641552329063416, 0.8675799369812012, 0.7648401856422424, 0.8795661926269531, 0.9229452013969421, 0.952625572681427, 0.965753436088562], "loss": [1.74532151222229, 1.0735406875610352, 0.918337881565094, 0.7764476537704468, 0.7301953434944153, 0.6644222736358643, 0.6484968662261963, 0.6066867113113403, 0.577645480632782, 0.5435726046562195, 0.5308347940444946, 0.5126078128814697, 0.837780773639679, 0.4530642330646515, 0.3018381595611572, 0.2003057301044464, 0.16139043867588043], "val_accuracy": [0.6674311757087708, 0.71100914478302, 0.7362385392189026, 0.747706413269043, 0.7637614607810974, 0.78899085521698, 0.7821100950241089, 0.8073394298553467, 0.7637614607810974, 0.78899085521698, 0.7821100950241089, 0.7912843823432922, 0.6628440618515015, 0.5963302850723267, 0.6788991093635559, 0.6903669834136963, 0.7247706651687622], "val_loss": [0.8395468592643738, 0.7092422842979431, 0.6887936592102051, 0.6344090104103088, 0.599177360534668, 0.5403083562850952, 0.5509676933288574, 0.5219279527664185, 0.6086301803588867, 0.5488792061805725, 0.5776108503341675, 0.5235185027122498, 1.2817269563674927, 1.6810811758041382, 1.3016802072525024, 1.2391157150268555, 0.9806175827980042], "learning_rate": [0.0010000000474974513, 0.0010000000474974513, 0.0010000000474974513, 0.0010000000474974513, 0.0010000000474974513, 0.0010000000474974513, 0.0010000000474974513, 0.0010000000474974513, 0.0010000000474974513, 0.0010000000474974513, 0.0005000000237487257, 0.0005000000237487257, 9.999999747378752e-05, 9.999999747378752e-05, 9.999999747378752e-05, 4.999999873689376e-05, 4.999999873689376e-05]}